"gene"	"alleles"	"counts"	"total"	"note"	"kh"	"kd"	"kt"	"kq"	"k_diff"	"GENOTYPED_ALLELES"	"Freq_by_Clone"	"Freq_by_Seq"
"IGHV1-2"	"04"	"279"	"279"	""	"3.7994750805643"	"-57.299164236789"	"-105.439492179987"	"-160.628624120935"	"61.0986393173533"	"04"	"279"	"986"
"IGHV1-3"	"01,04,05"	"462,0,0"	"462"	""	"2.1266238560071"	"-99.0474670565994"	"-178.763709027056"	"-270.152164069056"	"101.174090912607"	"01"	"462"	"1684"
"IGHV1-18"	"01,04"	"461,0"	"461"	""	"2.13652484418936"	"-98.8185745296453"	"-178.362270521811"	"-269.552915055062"	"100.955099373835"	"01"	"461"	"2257"
"IGHV1-24"	"01"	"412"	"412"	""	"2.61366869684057"	"-87.6108452771722"	"-158.699788333077"	"-240.197717937631"	"90.2245139740128"	"01"	"410"	"544"
"IGHV1-45"	"02"	"11"	"11"	""	"3.19942101335518"	"0.790514086864551"	"-1.10749167433679"	"-3.28340727057489"	"2.40890692649063"	"02"	"11"	"12"
"IGHV1-46"	"01,03,02"	"270,184,0"	"454"	""	"-234.899715058124"	"2.72479910990127"	"-54.2551845239277"	"-133.668586000686"	"56.979983633829"	"01,03"	"265;181"	"778;518"
"IGHV1-58"	"01,02,03"	"147,96,0"	"243"	""	"-118.80928591617"	"3.82620812945902"	"-26.9602608507576"	"-69.6060043053096"	"30.7864689802167"	"01,02"	"141;92"	"178;130"
"IGHV1-69"	"01,04,09,12"	"287,180,1,0"	"468"	""	"-224.256261473597"	"3.19426110842663"	"-55.0781053845693"	"-137.288968898873"	"58.2723664929959"	"01,04"	"0;181"	"0;1840"
"IGHV1-69D"	"01"	"287"	"287"	""	"3.73435422528311"	"-59.1162174022452"	"-108.636913171771"	"-165.408529182711"	"62.8505716275283"	"01"	"0"	"0"
"IGHV1-69-2"	NA	NA	NA	NA	NA	NA	NA	NA	"1000"	"Deletion"	NA	NA
"IGHV2-5"	"02,05"	"442,0"	"442"	""	"2.3234579491858"	"-94.4708021879832"	"-170.736124592619"	"-258.168369459641"	"96.794260137169"	"02"	"442"	"1439"
"IGHV2-26"	"01,03"	"427,0"	"427"	""	"2.46936024138655"	"-91.0400268142043"	"-164.717159544475"	"-249.182246780263"	"93.5093870555909"	"01"	"427"	"730"
"IGHV2-70"	"15,01,17,04"	"262,134,1,0"	"397"	""	"-156.54127919645"	"2.19597444576309"	"-49.1646002161444"	"-119.929059983088"	"51.3605746619075"	"15,01"	"262;134"	"336;170"
"IGHV2-70D"	NA	NA	NA	NA	NA	NA	NA	NA	"1000"	"Deletion"	NA	NA
"IGHV3-7"	"03,04,02,05"	"120,107,4,1"	"232"	""	"-143.000927401664"	"3.28796061472247"	"-17.80116847523"	"-55.2456755263515"	"21.0891290899525"	"03,04"	"120;111"	"595;488"
"IGHV3-11"	"05,06,03,04"	"361,64,0,0"	"425"	""	"-48.8455146117992"	"-24.6832932783833"	"-90.5871982224023"	"-171.041857659736"	"24.162221333416"	"05,06"	"358;63"	"843;145"
"IGHV3-13"	"04,01,05"	"202,1,0"	"203"	""	"4.65789691320538"	"-37.9656100619938"	"-72.8763790327345"	"-112.975430952812"	"42.6235069751991"	"04"	"203"	"259"
"IGHV3-15"	"01,07,02,04"	"262,190,0,0"	"452"	""	"-246.451550660586"	"2.60159895793181"	"-53.3369049852836"	"-132.015797308829"	"55.9385039432154"	"01,07"	"261;189"	"993;817"
"IGHV3-20"	"04,03"	"209,0"	"209"	""	"4.31603681808765"	"-41.4531947852344"	"-77.5153042480599"	"-118.857700576584"	"45.769231603322"	"04"	"209"	"268"
"IGHV3-21"	"01,06,04,02"	"446,2,2,1"	"452"	""	"4.87275011544875"	"-89.5719084633683"	"-163.810430797132"	"-250.901602656771"	"94.4446585788171"	"01"	"449"	"3643"
"IGHV3-23"	"01,02,04"	"467,0,0"	"467"	""	"2.0770286576887"	"-100.192019948777"	"-180.770991810689"	"-273.148499396433"	"102.269048606466"	"01"	"0"	"0"
"IGHV3-23D"	"01"	"467"	"467"	""	"2.0770286576887"	"-100.192019948777"	"-180.770991810689"	"-273.148499396433"	"102.269048606466"	"01"	"0"	"0"
"IGHV3-30"	"18,03,07,12"	"737,15,1,1"	"753"	""	"1.69718052520615"	"-135.50782569887"	"-262.106458690676"	"-1000"	"137.205006224076"	"18"	"0"	"0"
"IGHV3-30-3"	NA	NA	NA	NA	NA	NA	NA	NA	"1000"	"Deletion"	NA	NA
"IGHV3-30-5"	"01,02"	"738,0"	"738"	""	"-0.773736184804842"	"-162.389491798449"	"-289.72842377723"	"-1000"	"161.615755613644"	"01"	"0"	"0"
"IGHV3-33"	"01,05,06,02"	"430,1,1,0"	"432"	""	"3.68221604925943"	"-88.8713617659273"	"-161.707640439052"	"-246.907488353884"	"92.5535778151868"	"01"	"430"	"2474"
"IGHV3-48"	"01,02,04"	"269,183,0"	"452"	""	"-233.492669208875"	"2.73805264120251"	"-54.012903658383"	"-133.087165473596"	"56.7509562995855"	"01,02"	"268;182"	"1281;910"
"IGHV3-49"	"03,05,02,04"	"246,179,0,0"	"425"	""	"-232.057317316139"	"2.75907449881189"	"-49.7973988762701"	"-123.756702379072"	"52.556473375082"	"03,05"	"238;173"	"480;357"
"IGHV3-53"	"01,04,02"	"293,137,0"	"430"	""	"-156.667672354707"	"0.119195155737014"	"-58.1747222490206"	"-135.49529524557"	"58.2939174047576"	"01,04"	"294;137"	"563;250"
"IGHV3-62"	"03"	"1"	"1"	""	"1.36749927619547"	"1.14850773742359"	"0.975961759132561"	"0.778151250383644"	"0.218991538771876"	"03"	"0"	"0"
"IGHV3-64"	"01,02"	"96,6"	"102"	""	"1.85773319140154"	"-9.4887513903801"	"-26.3920534420338"	"-46.2298371987087"	"11.3464845817816"	"01"	"102"	"219"
"IGHV3-64D"	"06,08"	"320,1"	"321"	""	"3.94924613217557"	"-64.5152624181049"	"-119.786456827187"	"-183.227148779637"	"68.4645085502805"	"06"	"320"	"747"
"IGHV3-66"	"01,04,03"	"369,12,1"	"382"	""	"1.6376674928668"	"-59.8168040333185"	"-122.749072946168"	"-197.437100508076"	"61.4544715261853"	"01"	"381"	"785"
"IGHV3-72"	"01"	"84"	"84"	""	"4.73563152622092"	"-13.6596577306166"	"-28.1535199070633"	"-44.7696026419723"	"18.3952892568376"	"01"	"84"	"112"
"IGHV3-73"	"01,02"	"102,62"	"164"	""	"-73.6563720062195"	"3.99909015567284"	"-17.1024436990642"	"-46.0415230648348"	"21.101533854737"	"01,02"	"94;57"	"120;77"
"IGHV3-74"	"01,02,03"	"457,1,1"	"459"	""	"3.4703439766958"	"-94.9960053853316"	"-172.491025472315"	"-263.031757123366"	"98.4663493620274"	"01"	"459"	"709"
"IGHV3-NL1"	"01"	"3"	"3"	""	"2.04104534949921"	"1.38407073318359"	"0.866432798310491"	"0.273001272063738"	"0.656974616315627"	"01"	"0"	"0"
"IGHV4-4"	"02,03"	"137,0"	"137"	""	"4.6874826466227"	"-25.3143581651243"	"-48.9531571909956"	"-76.0531968895973"	"30.001840811747"	"02"	"137"	"170"
"IGHV4-28"	NA	NA	NA	NA	NA	NA	NA	NA	"1000"	"Deletion"	NA	NA
"IGHV4-31"	"03,02,04,11"	"451,0,0,0"	"451"	""	"2.23519604190319"	"-96.5299879442127"	"-174.348224153468"	"-263.56076359923"	"98.7651839861159"	"03"	"451"	"2097"
"IGHV4-34"	"01,02,12,04"	"471,1,1,0"	"473"	""	"3.35747960669315"	"-98.1747512981405"	"-178.085415081198"	"-271.395493854735"	"101.532230904834"	"01"	"473"	"5362"
"IGHV4-39"	"01,02"	"448,15"	"463"	""	"-0.180423188784368"	"-74.0968747077886"	"-152.244693321457"	"-242.98373853292"	"73.9164515190042"	"01"	"463"	"4865"
"IGHV4-59"	"01,08,12,02"	"320,142,1,0"	"463"	""	"-159.439781638107"	"-0.501766390904575"	"-62.3218586413115"	"-145.689961138064"	"61.8200922504069"	"01,08"	"309;143"	"2319;1058"
"IGHV4-61"	"01,08,03,07"	"239,1,0,0"	"240"	""	"4.47645682620952"	"-46.249737083549"	"-87.544707251058"	"-134.962747994846"	"50.7261939097585"	"01"	"229"	"275"
"IGHV5-10-1"	"01,03"	"291,145"	"436"	""	"-169.211975033978"	"0.915146407768053"	"-57.4855298880271"	"-135.54111508945"	"58.4006762957952"	"01,03"	"270;134"	"548;252"
"IGHV5-51"	"01,02,07,03"	"442,0,0,0"	"442"	""	"2.3234579491858"	"-94.4708021879832"	"-170.736124592619"	"-258.168369459641"	"96.794260137169"	"01"	"442"	"2148"
"IGHV6-1"	"01,02"	"337,0"	"337"	""	"3.30666293658464"	"-70.4934856295374"	"-128.641480313615"	"-195.303621762"	"73.8001485661221"	"01"	"337"	"424"
"IGHV7-4-1"	NA	NA	NA	NA	NA	NA	NA	NA	"1000"	"Deletion"	NA	NA
"IGHD1-1"	NA	NA	NA	NA	NA	NA	NA	NA	"1000"	"Deletion"	NA	NA
"IGHD1-7"	"01"	"131"	"131"	""	"4.70626288792374"	"-34.1681440087728"	"-72.4983284934253"	"-72.4983284934253"	"38.8744068966965"	"01"	"131"	"552"
"IGHD1-14"	"01"	"62"	"62"	""	"4.63029201807978"	"-13.768282238372"	"-31.9092855822533"	"-31.9092855822533"	"18.3985742564518"	"01"	"62"	"291"
"IGHD1-20"	"01"	"29"	"29"	""	"4.10498592690585"	"-4.50079880595064"	"-12.9861068216371"	"-12.9861068216371"	"8.60578473285648"	"01"	"29"	"111"
"IGHD1-26"	"01"	"951"	"951"	""	"-3.15180098211979"	"-285.362189980275"	"-1000"	"-1000"	"282.210388998156"	"01"	"951"	"3961"
"IGHD2-2"	"02,03,01"	"70,14,10"	"94"	""	"-14.8940717654991"	"-11.7606731380574"	"-22.1890732210272"	"-22.1890732210272"	"3.13339862744167"	"02,03"	"70;14"	"506;403"
"IGHD2-8"	"01,02"	"95,13"	"108"	""	"-4.99120924476995"	"-10.9841607355439"	"-42.5846181732726"	"-42.5846181732726"	"5.99295149077392"	"01"	"95"	"602"
"IGHD2-15"	"01"	"558"	"558"	""	"1.15128593814398"	"-164.435882369922"	"-1000"	"-1000"	"165.587168308066"	"01"	"558"	"2598"
"IGHD2-21"	"02,01"	"288,11"	"299"	""	"1.13767043491242"	"-65.5434025612057"	"-153.029854171214"	"-153.029854171214"	"66.6810729961181"	"02"	"288"	"1418"
"IGHD3-3"	"01,02"	"621,19"	"640"	""	"-1.68000768228164"	"-153.518668098623"	"-1000"	"-1000"	"151.838660416342"	"01"	"621"	"3283"
"IGHD3-9"	"01"	"329"	"329"	""	"3.37724336254827"	"-94.2539006757201"	"-190.518257129542"	"-190.518257129542"	"97.6311440382684"	"01"	"329"	"1335"
"IGHD3-10"	"01,02"	"937,13"	"950"	""	"-0.316323473465632"	"-256.173783414762"	"-1000"	"-1000"	"255.857459941297"	"01"	"937"	"4626"
"IGHD3-16"	"02,01"	"153,14"	"167"	""	"-3.56542920837298"	"-25.0623799887619"	"-73.9260502859907"	"-73.9260502859907"	"21.4969507803889"	"02"	"153"	"1833"
"IGHD3-22"	"01"	"1528"	"1528"	""	"4.62690641428297"	"-40.7166765919401"	"-85.4254719297638"	"-85.4254719297638"	"45.3435830062231"	"01"	"1528"	"6836"
"IGHD4-17"	"01"	"723"	"723"	""	"-0.609737874699444"	"-215.160853800742"	"-1000"	"-1000"	"214.551115926043"	"01"	"723"	"3133"
"IGHD4-23"	"01"	"279"	"279"	""	"3.7994750805643"	"-78.9941090734687"	"-160.628624120935"	"-160.628624120935"	"82.793584154033"	"01"	"279"	"1267"
"IGHD5-12"	"01"	"298"	"298"	""	"3.64319321482892"	"-84.7886636952135"	"-171.982518477095"	"-171.982518477095"	"88.4318569100425"	"01"	"298"	"1346"
"IGHD5-24"	"01"	"406"	"406"	""	"2.6709198807706"	"-117.81006637922"	"-236.60437859883"	"-236.60437859883"	"120.480986259991"	"01"	"406"	"1820"
"IGHD6-6"	"01"	"447"	"447"	""	"2.27448828306357"	"-130.373297082"	"-261.164079254822"	"-261.164079254822"	"132.647785365064"	"01"	"447"	"1951"
"IGHD6-13"	"01"	"1030"	"1030"	""	"-4.05228579752754"	"-309.706019412775"	"-1000"	"-1000"	"305.653733615247"	"01"	"1030"	"4535"
"IGHD6-19"	"01"	"1318"	"1318"	""	"4.70390702563613"	"-34.4079008292082"	"-72.9721627763624"	"-72.9721627763624"	"39.1118078548443"	"01"	"1318"	"5683"
"IGHD6-25"	NA	NA	NA	NA	NA	NA	NA	NA	"1000"	"Deletion"	NA	NA
"IGHD7-27"	"01"	"127"	"127"	""	"4.71732341170449"	"-32.9700786942532"	"-70.1298758663972"	"-70.1298758663972"	"37.6874021059577"	"01"	"127"	"525"
"IGHJ1"	"01"	"152"	"152"	""	"4.63032509137139"	"-40.475856956704"	"-84.9505748320259"	"-84.9505748320259"	"45.1061820480753"	"01"	"152"	"775"
"IGHJ2"	"01"	"384"	"384"	""	"2.87836424100219"	"-111.074095669925"	"-223.431277670738"	"-223.431277670738"	"113.952459910927"	"01"	"384"	"1661"
"IGHJ3"	"02,01"	"1694,6"	"1700"	""	"4.73041765428831"	"-44.5146931278422"	"-94.2561539094523"	"-94.2561539094523"	"49.2451107821305"	"02"	"1694"	"6950"
"IGHJ4"	"02,01,03"	"6863,2,1"	"6866"	""	"0.0943825747386489"	"-203.224450361056"	"-1000"	"-1000"	"203.318832935794"	"02"	"6863"	"30736"
"IGHJ5"	"02"	"1699"	"1699"	""	"4.5460499914898"	"-45.8719784951418"	"-95.5841795939392"	"-95.5841795939392"	"50.4180284866316"	"02"	"1699"	"7533"
"IGHJ6"	"02,01,04"	"2811,1,1"	"2813"	""	"3.91327020316751"	"-79.3327344483936"	"-161.469465182942"	"-161.469465182942"	"83.2460046515611"	"02"	"2811"	"11703"
"IGHV3-43"	NA	NA	NA	NA	NA	NA	NA	NA	"1000"	"Deletion"	NA	NA
"IGHV3-43D"	NA	NA	NA	NA	NA	NA	NA	NA	"1000"	"Deletion"	NA	NA
"IGHV4-38-2"	NA	NA	NA	NA	NA	NA	NA	NA	"1000"	"Deletion"	NA	NA
"IGHV4-30-4"	NA	NA	NA	NA	NA	NA	NA	NA	"1000"	"Deletion"	NA	NA
"IGHV4-30-2"	NA	NA	NA	NA	NA	NA	NA	NA	"1000"	"Deletion"	NA	NA
"IGHV3-9"	NA	NA	NA	NA	NA	NA	NA	NA	"1000"	"Deletion"	NA	NA
"IGHV1-8"	NA	NA	NA	NA	NA	NA	NA	NA	"1000"	"Deletion"	NA	NA
"IGHD4-11"	NA	NA	NA	NA	NA	NA	NA	NA	"1000"	"Deletion"	NA	NA
"IGHD5-18"	NA	NA	NA	NA	NA	NA	NA	NA	"1000"	"Deletion"	NA	NA
